{
  "anthropic/claude-haiku-4-5-20251001": {
    "correlations": {
      "pearson_difficulty_conf": -0.8448112056965462,
      "spearman_difficulty_conf": -0.7999999999199998,
      "pearson_difficulty_quality": -0.5177041536509067,
      "spearman_difficulty_quality": -0.09999999998999998,
      "pearson_conf_quality": 0.30359345127903764,
      "spearman_conf_quality": 0.09999999998999998
    },
    "ece_global_q20": 0.10199999999999998,
    "ece_within_model_q20": 0.10199999999999998,
    "ece_by_difficulty_bucket": {
      "Q1": 0.06499999999999995,
      "Q2": 0.07999999999999996,
      "Q3": 0.15000000000000002,
      "Q4": 0.15000000000000002
    },
    "mismatch_rate_overall": 0.0,
    "mismatch_rate_overall_within_model_q20": 0.0,
    "mismatch_rate_overall_global_q20": 0.0,
    "mismatch_rate_by_bucket": {
      "Q1": 0.0,
      "Q2": 0.0,
      "Q3": 0.0,
      "Q4": 0.0
    },
    "efficiency": {
      "avg_latency_translate_s": 1.4608726978302002,
      "avg_latency_conf_s": 0.8621835708618164,
      "avg_total_latency_s": 2.3230562686920164,
      "avg_input_tokens": 166.2,
      "avg_output_tokens": 64.4,
      "median_output_tokens": 57.0
    },
    "bootstrap_ci": {
      "mean_quality": [
        52.468683951391995,
        85.34905034523482
      ],
      "ece": [
        0.06799999999999999,
        0.136
      ],
      "mismatch_rate_overall": [
        0.0,
        0.0
      ]
    }
  },
  "gemini/gemini-2.5-flash": {
    "correlations": {
      "pearson_difficulty_conf": -0.9443585041957987,
      "spearman_difficulty_conf": -0.8999999999099998,
      "pearson_difficulty_quality": -0.9897598137058518,
      "spearman_difficulty_quality": -0.9999999998999998,
      "pearson_conf_quality": 0.9372780770401811,
      "spearman_conf_quality": 0.8999999999099998
    },
    "ece_global_q20": 0.42000000000000004,
    "ece_within_model_q20": 0.42000000000000004,
    "ece_by_difficulty_bucket": {
      "Q1": 0.0,
      "Q2": 0.7,
      "Q3": 0.6,
      "Q4": 0.8
    },
    "mismatch_rate_overall": 0.0,
    "mismatch_rate_overall_within_model_q20": 0.0,
    "mismatch_rate_overall_global_q20": 0.0,
    "mismatch_rate_by_bucket": {
      "Q1": 0.0,
      "Q2": 0.0,
      "Q3": 0.0,
      "Q4": 0.0
    },
    "efficiency": {
      "avg_latency_translate_s": 2.65225567817688,
      "avg_latency_conf_s": 2.789818620681763,
      "avg_total_latency_s": 5.442074298858643,
      "avg_input_tokens": 122.4,
      "avg_output_tokens": 28.4,
      "median_output_tokens": 28.0
    },
    "bootstrap_ci": {
      "mean_quality": [
        28.429824646840085,
        79.23236839530475
      ],
      "ece": [
        0.12,
        0.7
      ],
      "mismatch_rate_overall": [
        0.0,
        0.0
      ]
    }
  },
  "openai/gpt-5-mini": {
    "correlations": {
      "pearson_difficulty_conf": -0.6503204594032449,
      "spearman_difficulty_conf": -0.8999999999099998,
      "pearson_difficulty_quality": -0.8953909885947771,
      "spearman_difficulty_quality": -0.7999999999199998,
      "pearson_conf_quality": 0.5668118719149629,
      "spearman_conf_quality": 0.8999999999099998
    },
    "ece_global_q20": 0.17800000000000005,
    "ece_within_model_q20": 0.22199999999999998,
    "ece_by_difficulty_bucket": {
      "Q1": 0.010000000000000009,
      "Q2": 0.020000000000000018,
      "Q3": 0.06999999999999995,
      "Q4": 1.0
    },
    "mismatch_rate_overall": 0.0,
    "mismatch_rate_overall_within_model_q20": 0.0,
    "mismatch_rate_overall_global_q20": 0.2,
    "mismatch_rate_by_bucket": {
      "Q1": 0.0,
      "Q2": 0.0,
      "Q3": 0.0,
      "Q4": 0.0
    },
    "efficiency": {
      "avg_latency_translate_s": 4.04931058883667,
      "avg_latency_conf_s": 3.9185039520263674,
      "avg_total_latency_s": 7.967814540863037,
      "avg_input_tokens": 130.2,
      "avg_output_tokens": 819.2,
      "median_output_tokens": 899.0
    },
    "bootstrap_ci": {
      "mean_quality": [
        9.052439973394392,
        69.5128824995642
      ],
      "ece": [
        0.01200000000000001,
        0.308
      ],
      "mismatch_rate_overall": [
        0.0,
        0.0
      ]
    }
  }
}