model,mean_quality,ece_global_q20,ece_within_model_q20,mismatch_rate_overall,avg_total_latency_s
openai/gpt-5.2,59.11084157144676,0.08926000000000006,0.13126000000000004,0.198,2.637522166252136
openai/gpt-5-mini,57.436037038640585,0.13792,0.14192,0.198,3.011717740058899
openai/gpt-5-nano,54.880188790411836,0.05929999999999994,0.08297999999999998,0.198,2.440052701473236
anthropic/claude-opus-4-6,58.510495087567634,0.07289999999999996,0.08689999999999996,0.19,4.749829348564148
anthropic/claude-sonnet-4-5-20250929,56.82192188679721,0.11696,0.09515999999999997,0.198,3.8917832050323486
anthropic/claude-haiku-4-5-20251001,57.127924264964506,0.10534000000000004,0.10334000000000007,0.198,2.2882757654190065
gemini/gemini-2.5-pro,59.86075184081121,0.12309771309771307,0.1813097713097713,0.19750519750519752,5.74009037513495
gemini/gemini-2.5-flash,53.48609738009511,0.1946502057613168,0.2029629629629629,0.13786008230452676,4.508842590332031
