model,mean_quality,ece_global_q20,ece_within_model_q20,mismatch_rate_overall,avg_total_latency_s
openai/gpt-5.2,58.66549299876317,0.09935999999999992,0.12935999999999992,0.198,3.1055191440582277
openai/gpt-5-mini,57.27326766526749,0.1447,0.14270000000000008,0.198,2.923762604236603
openai/gpt-5-nano,55.44211269145166,0.05950000000000002,0.07814000000000006,0.198,2.4132951316833497
anthropic/claude-opus-4-6,58.40116038109021,0.068,0.08400000000000005,0.19,4.967464518070221
anthropic/claude-sonnet-4-5-20250929,56.83209105528307,0.11774000000000001,0.09633999999999994,0.196,4.3695695161819454
anthropic/claude-haiku-4-5-20251001,56.821454225284164,0.10020000000000001,0.0962,0.198,2.7282630271911623
gemini/gemini-2.5-pro,59.729184603742695,0.1310504201680672,0.1814705882352942,0.19747899159663865,5.848788286958422
gemini/gemini-2.5-flash,53.88638031085574,0.18799591002044982,0.1993660531697341,0.1492842535787321,3.7152981395721434
