model,mean_quality,ece_global_q20,ece_within_model_q20,mismatch_rate_overall,avg_total_latency_s
openai/gpt-5.2,45.26219986697196,0.030000000000000027,0.030000000000000027,0.0,3.249415636062622
openai/gpt-5-mini,43.6023542754792,nan,nan,nan,12.19767141342163
openai/gpt-5-nano,10.864265859098243,nan,nan,nan,11.21050214767456
anthropic/claude-opus-4-6,45.26219986697196,0.07999999999999996,0.07999999999999996,0.0,67.75492405891418
anthropic/claude-sonnet-4-5-20250929,45.26219986697196,0.050000000000000044,0.050000000000000044,0.0,8.190160512924194
anthropic/claude-haiku-4-5-20251001,46.00557451086693,0.07999999999999996,0.07999999999999996,0.0,3.4632277488708496
gemini/gemini-2.5-pro,10.864265859098243,nan,nan,nan,12.869617462158203
gemini/gemini-2.5-flash,4.596567475369624,nan,nan,nan,6.34032678604126
