model,mean_quality,ece_global_q20,ece_within_model_q20,mismatch_rate_overall,avg_total_latency_s
openai/gpt-5.2,58.84941135766456,nan,nan,0.0,2.8844054474830627
openai/gpt-5-mini,26.415336127414108,nan,nan,0.0,7.786660878658295
openai/gpt-5-nano,4.6073911259012235,0.77,0.77,0.0,9.032449363708496
anthropic/claude-opus-4-6,60.62084040227538,nan,nan,0.0,4.231393094062805
anthropic/claude-sonnet-4-5-20250929,59.66137468649666,nan,nan,0.0,3.760189810752869
anthropic/claude-haiku-4-5-20251001,58.10610967848684,nan,nan,0.0,2.2823461952209474
gemini/gemini-2.5-pro,0.0,1.0,1.0,0.0,10.94448070997192
gemini/gemini-2.5-flash,40.51439622138341,nan,nan,0.0,5.284243105411529
