model,mean_quality,ece_global_q20,ece_within_model_q20,mismatch_rate_overall,avg_total_latency_s
openai/gpt-5.2,45.26219986697196,0.030000000000000027,0.030000000000000027,0.0,3.1843225955963135
openai/gpt-5-mini,10.864265859098243,nan,nan,nan,13.833500385284424
openai/gpt-5-nano,10.864265859098243,nan,nan,nan,12.112469673156738
anthropic/claude-sonnet-4-5-20250929,45.26219986697196,0.050000000000000044,0.050000000000000044,0.0,3.5739574432373047
anthropic/claude-haiku-4-5-20251001,46.00557451086693,0.07999999999999996,0.07999999999999996,0.0,3.2612199783325195
gemini/gemini-2.5-pro,10.864265859098243,nan,nan,nan,13.07140040397644
gemini/gemini-2.5-flash,4.596567475369624,nan,nan,nan,6.12911057472229
