model,mean_quality,ece_global_q20,ece_within_model_q20,mismatch_rate_overall,avg_total_latency_s
anthropic/claude-haiku-4-5-20251001,66.66253108020831,0.10199999999999998,0.10199999999999998,0.0,2.3230562686920164
gemini/gemini-2.5-flash,53.09721865709847,0.42000000000000004,0.42000000000000004,0.0,5.442074298858643
openai/gpt-5-mini,38.565322472958584,0.17800000000000005,0.22199999999999998,0.0,7.967814540863037
