model,mean_quality,ece_global_q20,ece_within_model_q20,mismatch_rate_overall,avg_total_latency_s
openai/gpt-5.2,45.26219986697196,0.030000000000000027,0.030000000000000027,0.0,3.5587899684906006
openai/gpt-5-mini,45.0342516556522,nan,nan,nan,13.209080219268799
openai/gpt-5-nano,10.864265859098243,nan,nan,nan,12.955603122711182
anthropic/claude-opus-4-6,45.26219986697196,0.07999999999999996,0.07999999999999996,0.0,6.77833890914917
anthropic/claude-sonnet-4-5-20250929,45.26219986697196,0.050000000000000044,0.050000000000000044,0.0,3.318727731704712
anthropic/claude-haiku-4-5-20251001,46.00557451086693,0.07999999999999996,0.07999999999999996,0.0,3.584760904312134
gemini/gemini-2.5-pro,10.864265859098243,nan,nan,nan,16.719523668289185
gemini/gemini-2.5-flash,4.596567475369624,nan,nan,nan,5.987217664718628
