model,mean_quality,ece_global_q20,mismatch_rate_overall,avg_total_latency_s
openai/gpt-5.2,90.63666703979918,0.05501999999999998,0.0,2.8066267476081848
openai/gpt-5-mini,37.53718827893798,0.3435217391304347,0.0,8.636269257068633
openai/gpt-5-nano,7.67235049432603,0.8846464646464647,0.0,9.110622896194458
anthropic/claude-opus-4-6,91.47970946444745,0.0675,0.0,4.202855358600616
anthropic/claude-sonnet-4-5-20250929,91.50111813154892,0.06810000000000006,0.0,3.8172718505859375
anthropic/claude-haiku-4-5-20251001,91.31209597643236,0.09878000000000006,0.0,2.2851343631744383
gemini/gemini-2.5-pro,0.15555555546049382,1.0,0.0,11.062050308704377
gemini/gemini-2.5-flash,86.02999614796285,0.5354,0.0,5.470338460445404
