model,mean_quality,ece_global_q20,ece_within_model_q20,mismatch_rate_overall,median_conf,mismatch_rate_overall_tau_0.9,valid_conf_count,total_count,avg_total_latency_s
openai/gpt-5.2,58.83084195265756,0.09426000000000007,0.13226,0.154,,,,,2.676999327659607
openai/gpt-5-mini,57.36399310791303,0.13866000000000003,0.13866000000000003,0.136,,,,,2.7003067989349363
openai/gpt-5-nano,54.809834883256755,0.05293999999999999,0.08190000000000003,0.004,,,,,2.2642110290527344
anthropic/claude-opus-4-6,58.4202518017188,0.07413999999999996,0.08413999999999994,0.078,,,,,4.456584882259369
anthropic/claude-sonnet-4-5-20250929,56.88350283700338,0.11361999999999997,0.09461999999999993,0.128,,,,,3.8702152705192567
anthropic/claude-haiku-4-5-20251001,56.91129334336717,0.10118,0.09518000000000007,0.13,,,,,2.2839303522109984
gemini/gemini-2.5-pro,59.881496243645266,0.13197938144329904,0.17857731958762896,0.18144329896907216,,,,,6.670312476403934
gemini/gemini-2.5-flash,54.29649859046536,0.1748049281314169,0.1932854209445586,0.043121149897330596,,,,,5.156970108985901
