model,secondary_metric_name,mean_chrf,mean_secondary_metric,ece_chrf_q20,ece_secondary_q20,mismatch_chrf_q20_tau_0_9,mismatch_secondary_q20_tau_0_9
anthropic/claude-haiku-4-5-20251001,bleu_fallback,57.014289446244966,29.41856867731198,0.09431999999999999,0.09927999999999995,0.134,0.142
anthropic/claude-opus-4-6,bleu_fallback,58.454066283588055,30.968176391862052,0.08694000000000002,0.09194000000000002,0.092,0.092
anthropic/claude-sonnet-4-5-20250929,bleu_fallback,56.893487147424736,29.326357179004194,0.09480000000000005,0.09840000000000004,0.128,0.13
gemini/gemini-2.5-flash,bleu_fallback,54.01411329892328,28.448904357090758,0.14787999999999998,0.15188000000000001,0.046,0.048
gemini/gemini-2.5-pro,bleu_fallback,60.06768426878845,31.66073476714585,0.18022000000000002,0.18570000000000011,0.188,0.194
openai/gpt-5-mini,bleu_fallback,57.08676033356772,27.857835253861438,0.1522,0.1522,0.14,0.142
openai/gpt-5-nano,bleu_fallback,55.305213778058544,26.710506603243093,0.07574,0.08826,0.002,0.006
openai/gpt-5.2,bleu_fallback,58.87383288212326,29.716053251240417,0.13391999999999998,0.14504000000000003,0.156,0.164
