model,secondary_metric_name,mean_secondary_metric,median_secondary_metric,min_secondary_metric,max_secondary_metric
anthropic/claude-haiku-4-5-20251001,bleu_fallback,29.41856867731198,24.77399364621739,0.0,100.00000000000004
anthropic/claude-opus-4-6,bleu_fallback,30.968176391862052,26.72715631128616,0.0,100.00000000000004
anthropic/claude-sonnet-4-5-20250929,bleu_fallback,29.326357179004194,24.28243222678512,0.0,100.00000000000004
gemini/gemini-2.5-flash,bleu_fallback,28.448904357090758,23.525653292954676,0.0,100.00000000000004
gemini/gemini-2.5-pro,bleu_fallback,31.66073476714585,27.356750640505084,0.0,100.00000000000004
openai/gpt-5-mini,bleu_fallback,27.857835253861438,22.86117209965908,2.6629879653210757,100.00000000000004
openai/gpt-5-nano,bleu_fallback,26.710506603243093,21.38966348766842,0.4228848378822982,100.00000000000004
openai/gpt-5.2,bleu_fallback,29.716053251240417,25.214049670609604,2.6677820539246824,100.00000000000004
